{"ROOT": {"Agent": 0.5179586788521718, "Work": 0.0872118601157125, "Place": 0.1904068198985648, "Species": 0.08911688290127914, "UnitOfWork": 0.007308812909330877, "Event": 0.07929709224626674, "SportsSeason": 0.024416664591478447, "Device": 0.0010292933569074716, "TopicalConcept": 0.003253895128288136}, "Agent": {"Politician": 0.07615506658760557, "Organisation": 0.05720444237888428, "Person": 0.15628455584224107, "Athlete": 0.2492908540200965, "MotorcycleRider": 0.003621852914309524, "Company": 0.06663568326415488, "WinterSportPlayer": 0.05096235516594817, "EducationalInstitution": 0.03555345438228177, "Actor": 0.009447266783121524, "SportsManager": 0.015176525264827961, "Cleric": 0.03625058093879709, "Boxer": 0.0022997163416080386, "Artist": 0.039632045385342714, "Coach": 0.015200564111604352, "ComicsCharacter": 0.0011538646452667512, "Group": 0.01471978717607654, "Broadcaster": 0.03700379813779067, "SportsTeam": 0.045008734114328756, "Scientist": 0.004687575121396176, "BritishRoyalty": 0.0038862802288498212, "FictionalCharacter": 0.017396112117181364, "Presenter": 0.0018189394060802255, "Writer": 0.008613920094873315, "SportsLeague": 0.019415375246398178, "GridironFootballPlayer": 0.015328771294411769, "RacingDriver": 0.00905463228577381, "Wrestler": 0.0024279235244154553, "OrganisationMember": 0.0030849853363034666, "MusicalArtist": 0.0015865638872417827, "VolleyballPlayer": 0.0010977740027885063}, "Work": {"MusicalWork": 0.32860610098510445, "PeriodicalLiterature": 0.2721648503307476, "Cartoon": 0.09189549326607338, "Software": 0.09137200780469233, "Comic": 0.10288868795507543, "WrittenWork": 0.07328796459334698, "Song": 0.03364583829058202, "Database": 0.006139056774377766}, "Place": {"NaturalPlace": 0.11964600998321599, "Building": 0.23331952830394315, "Settlement": 0.08300455565969876, "RouteOfTransportation": 0.12921507509209407, "ClericalAdministrativeRegion": 0.0417856442225952, "BodyOfWater": 0.04121891143710356, "Infrastructure": 0.0835712884451904, "Venue": 0.011182073806046603, "Tower": 0.027682716829783988, "SportFacility": 0.050112256686357, "CelestialBody": 0.053294679251040825, "Satellite": 0.03435272576672407, "AmusementParkAttraction": 0.010484556531595354, "RaceTrack": 0.003749155350175469, "Stream": 0.046668265143753954, "Station": 0.030712557490681604}, "Species": {"Animal": 0.683774217585693, "Plant": 0.13110096870342772, "Eukaryote": 0.08527384500745157, "Horse": 0.08848733233979135, "FloweringPlant": 0.011363636363636364}, "UnitOfWork": {"LegalCase": 1.0}, "Event": {"SocietalEvent": 0.31325238145085316, "Tournament": 0.21883178059248404, "Olympics": 0.10064901078195332, "Race": 0.11247775567884434, "SportsEvent": 0.2145922746781116, "NaturalEvent": 0.04019679681775359}, "SportsSeason": {"FootballLeagueSeason": 0.3250042495325514, "SportsTeamSeason": 0.6749957504674485}, "Device": {"Engine": 1.0}, "TopicalConcept": {"Genre": 1.0}, "Politician": {"Senator": 0.05439814814814815, "Mayor": 0.1240530303030303, "Congressman": 0.20033670033670034, "MemberOfParliament": 0.19960016835016836, "President": 0.1444654882154882, "PrimeMinister": 0.0946969696969697, "Governor": 0.18244949494949494}, "MusicalWork": {"Album": 0.27574221578566255, "Musical": 0.13120926864590876, "ArtistDiscography": 0.2553222302679218, "Single": 0.27530774800868935, "ClassicalMusicComposition": 0.062418537291817525}, "NaturalPlace": {"Mountain": 0.343960648569867, "Glacier": 0.0810712333758426, "Volcano": 0.0905447258152669, "MountainRange": 0.29732191656039353, "MountainPass": 0.12661687010384406, "Cave": 0.06048460557478594}, "PeriodicalLiterature": {"AcademicJournal": 0.336422451477531, "Newspaper": 0.3297779332051058, "Magazine": 0.3337996153173632}, "Building": {"HistoricBuilding": 0.17853139013452915, "ShoppingMall": 0.15825859491778774, "Hotel": 0.078101644245142, "Castle": 0.07595291479820628, "Prison": 0.0827727952167414, "Hospital": 0.17853139013452915, "Museum": 0.17843796711509716, "Restaurant": 0.06941330343796712}, "Animal": {"Reptile": 0.12893338782182265, "Insect": 0.12436997684239204, "Amphibian": 0.12988693638468873, "Bird": 0.1302274894428552, "Crustacean": 0.11830813240702902, "Fish": 0.12968260454978886, "Arachnid": 0.10781909821550198, "Mollusca": 0.13077237433592154}, "Organisation": {"MilitaryUnit": 0.26110099453705, "TradeUnion": 0.1519820703179717, "Legislature": 0.15954615492365878, "PublicTransitSystem": 0.1652892561983471, "PoliticalParty": 0.2620815240229724}, "Person": {"Judge": 0.09459598031173093, "MilitaryPerson": 0.09377563576702215, "OfficeHolder": 0.09264766201804758, "Monarch": 0.08244462674323216, "Economist": 0.03809474979491386, "Architect": 0.0921862182116489, "HorseTrainer": 0.007793273174733388, "Engineer": 0.025635767022149304, "BeautyQueen": 0.07988105004101723, "Noble": 0.09736464315012305, "Philosopher": 0.06162838392124692, "Ambassador": 0.020764971287940935, "Journalist": 0.05275840853158326, "Religious": 0.03260869565217391, "BusinessPerson": 0.02527686628383921, "Chef": 0.019021739130434784, "Model": 0.05388638228055784, "PlayboyPlaymate": 0.00886997538966366, "Astronaut": 0.020764971287940935}, "Athlete": {"ChessPlayer": 0.029507248240172285, "TennisPlayer": 0.06152164829160104, "GolfPlayer": 0.061393076403844296, "HorseRider": 0.013050046607309311, "BasketballPlayer": 0.06132879045996593, "RugbyPlayer": 0.060910931824756515, "HandballPlayer": 0.04667159525569734, "BadmintonPlayer": 0.029153675548841247, "Gymnast": 0.06177879206711453, "GaelicGamesPlayer": 0.06155379126354023, "MartialArtist": 0.061200218572209183, "SoccerPlayer": 0.06132879045996593, "BaseballPlayer": 0.05850020892931761, "Swimmer": 0.061360933431905115, "Cyclist": 0.061618077207418596, "Jockey": 0.010896467487383883, "Canoeist": 0.009385747806242165, "Cricketer": 0.05788949246247308, "Bodybuilder": 0.005303590369965607, "TableTennisPlayer": 0.010510751824113658, "SquashPlayer": 0.008582173507762528, "AustralianRulesFootballPlayer": 0.06110378965639163, "Rower": 0.005753591977114204, "DartsPlayer": 0.011507183954228409, "PokerPlayer": 0.013950049821606506, "NetballPlayer": 0.005367876313843978, "LacrossePlayer": 0.008871460255215197}, "Settlement": {"Town": 0.4989495798319328, "Village": 0.5010504201680672}, "LegalCase": {"SupremeCourtOfTheUnitedStatesCase": 1.0}, "MotorcycleRider": {"SpeedwayRider": 1.0}, "Company": {"Publisher": 0.11327561327561328, "RecordLabel": 0.2293169793169793, "BusCompany": 0.11267436267436268, "Bank": 0.22943722943722944, "Airline": 0.2291967291967292, "Brewery": 0.021164021164021163, "LawFirm": 0.03884078884078884, "Winery": 0.026094276094276093}, "RouteOfTransportation": {"Road": 0.3220310391363023, "Bridge": 0.3225371120107962, "RailwayLine": 0.3228744939271255, "RoadTunnel": 0.03255735492577598}, "SocietalEvent": {"Election": 0.3146198830409357, "MilitaryConflict": 0.29774436090225564, "Convention": 0.2404344193817878, "MusicFestival": 0.044444444444444446, "FilmFestival": 0.10275689223057644}, "WinterSportPlayer": {"IceHockeyPlayer": 0.300314465408805, "Skier": 0.26635220125786163, "FigureSkater": 0.30251572327044024, "Skater": 0.053930817610062895, "Curler": 0.07688679245283019}, "ClericalAdministrativeRegion": {"Diocese": 1.0}, "EducationalInstitution": {"Library": 0.15100292990759523, "University": 0.42348433626324095, "School": 0.4255127338291638}, "BodyOfWater": {"Lake": 1.0}, "Plant": {"Conifer": 0.16518650088809947, "Moss": 0.09484902309058614, "Cycad": 0.05150976909413854, "Fern": 0.2127886323268206, "CultivatedVariety": 0.3921847246891652, "GreenAlga": 0.08348134991119005}, "Infrastructure": {"Dam": 0.5005216484089724, "Airport": 0.49947835159102766}, "FootballLeagueSeason": {"NationalFootballLeagueSeason": 1.0}, "Actor": {"VoiceActor": 0.2926208651399491, "AdultActor": 0.7073791348600509}, "SportsManager": {"SoccerManager": 1.0}, "Cleric": {"Saint": 0.4204244031830239, "ChristianBishop": 0.4193191865605659, "Cardinal": 0.10720601237842617, "Pope": 0.05305039787798409},